{
    "camera_0.0_1.jpg": {
        "intrinsics": {
            "fx": 5333.333333333333,
            "fy": 5333.333333333333,
            "cx": 1920.0,
            "cy": 1080.0,
            "k1": 0,
            "k2": 0,
            "p1": 0,
            "p2": 0,
            "k3": 0,
            "k4": 0,
            "k5": 0,
            "k6": 0
        },
        "extrinsics": {
            "location": [
                -0.3066389858722687,
                -0.3070969879627228,
                0.2609589993953705
            ],
            "rotation": [
                1.0971975326538086,
                0.027668016031384468,
                -0.7853981852531433
            ]
        }
    },
    "camera_0.0_2.jpg": {
        "intrinsics": {
            "fx": 5333.333333333333,
            "fy": 5333.333333333333,
            "cx": 1920.0,
            "cy": 1080.0,
            "k1": 0,
            "k2": 0,
            "p1": 0,
            "p2": 0,
            "k3": 0,
            "k4": 0,
            "k5": 0,
            "k6": 0
        },
        "extrinsics": {
            "location": [
                0.3066389858722687,
                -0.3070969879627228,
                0.2609589993953705
            ],
            "rotation": [
                1.097197413444519,
                0.027668219059705734,
                0.7853981852531433
            ]
        }
    },
    "camera_0.0_3.jpg": {
        "intrinsics": {
            "fx": 5333.333333333333,
            "fy": 5333.333333333333,
            "cx": 1920.0,
            "cy": 1080.0,
            "k1": 0,
            "k2": 0,
            "p1": 0,
            "p2": 0,
            "k3": 0,
            "k4": 0,
            "k5": 0,
            "k6": 0
        },
        "extrinsics": {
            "location": [
                -0.0017342567443847656,
                0.4298368990421295,
                0.2609589993953705
            ],
            "rotation": [
                1.097197413444519,
                0.027668219059705734,
                -3.141592502593994
            ]
        }
    },
    "camera_0.0_4.jpg": {
        "intrinsics": {
            "fx": 5333.333333333333,
            "fy": 5333.333333333333,
            "cx": 1920.0,
            "cy": 1080.0,
            "k1": 0,
            "k2": 0,
            "p1": 0,
            "p2": 0,
            "k3": 0,
            "k4": 0,
            "k5": 0,
            "k6": 0
        },
        "extrinsics": {
            "location": [
                0.0,
                0.0,
                0.41095900535583496
            ],
            "rotation": [
                0.0,
                -0.0,
                0.7853981852531433
            ]
        }
    },
    "camera_0.5235987755982988_1.jpg": {
        "intrinsics": {
            "fx": 5333.333333333333,
            "fy": 5333.333333333333,
            "cx": 1920.0,
            "cy": 1080.0,
            "k1": 0,
            "k2": 0,
            "p1": 0,
            "p2": 0,
            "k3": 0,
            "k4": 0,
            "k5": 0,
            "k6": 0
        },
        "extrinsics": {
            "location": [
                -0.3066389858722687,
                -0.3070969879627228,
                0.2609589993953705
            ],
            "rotation": [
                1.0971975326538086,
                0.027668016031384468,
                -0.7853981852531433
            ]
        }
    },
    "camera_0.5235987755982988_2.jpg": {
        "intrinsics": {
            "fx": 5333.333333333333,
            "fy": 5333.333333333333,
            "cx": 1920.0,
            "cy": 1080.0,
            "k1": 0,
            "k2": 0,
            "p1": 0,
            "p2": 0,
            "k3": 0,
            "k4": 0,
            "k5": 0,
            "k6": 0
        },
        "extrinsics": {
            "location": [
                0.3066389858722687,
                -0.3070969879627228,
                0.2609589993953705
            ],
            "rotation": [
                1.097197413444519,
                0.027668219059705734,
                0.7853981852531433
            ]
        }
    },
    "camera_0.5235987755982988_3.jpg": {
        "intrinsics": {
            "fx": 5333.333333333333,
            "fy": 5333.333333333333,
            "cx": 1920.0,
            "cy": 1080.0,
            "k1": 0,
            "k2": 0,
            "p1": 0,
            "p2": 0,
            "k3": 0,
            "k4": 0,
            "k5": 0,
            "k6": 0
        },
        "extrinsics": {
            "location": [
                -0.0017342567443847656,
                0.4298368990421295,
                0.2609589993953705
            ],
            "rotation": [
                1.097197413444519,
                0.027668219059705734,
                -3.141592502593994
            ]
        }
    },
    "camera_0.5235987755982988_4.jpg": {
        "intrinsics": {
            "fx": 5333.333333333333,
            "fy": 5333.333333333333,
            "cx": 1920.0,
            "cy": 1080.0,
            "k1": 0,
            "k2": 0,
            "p1": 0,
            "p2": 0,
            "k3": 0,
            "k4": 0,
            "k5": 0,
            "k6": 0
        },
        "extrinsics": {
            "location": [
                0.0,
                0.0,
                0.41095900535583496
            ],
            "rotation": [
                0.0,
                -0.0,
                0.7853981852531433
            ]
        }
    },
    "camera_1.0471975511965976_1.jpg": {
        "intrinsics": {
            "fx": 5333.333333333333,
            "fy": 5333.333333333333,
            "cx": 1920.0,
            "cy": 1080.0,
            "k1": 0,
            "k2": 0,
            "p1": 0,
            "p2": 0,
            "k3": 0,
            "k4": 0,
            "k5": 0,
            "k6": 0
        },
        "extrinsics": {
            "location": [
                -0.3066389858722687,
                -0.3070969879627228,
                0.2609589993953705
            ],
            "rotation": [
                1.0971975326538086,
                0.027668016031384468,
                -0.7853981852531433
            ]
        }
    },
    "camera_1.0471975511965976_2.jpg": {
        "intrinsics": {
            "fx": 5333.333333333333,
            "fy": 5333.333333333333,
            "cx": 1920.0,
            "cy": 1080.0,
            "k1": 0,
            "k2": 0,
            "p1": 0,
            "p2": 0,
            "k3": 0,
            "k4": 0,
            "k5": 0,
            "k6": 0
        },
        "extrinsics": {
            "location": [
                0.3066389858722687,
                -0.3070969879627228,
                0.2609589993953705
            ],
            "rotation": [
                1.097197413444519,
                0.027668219059705734,
                0.7853981852531433
            ]
        }
    },
    "camera_1.0471975511965976_3.jpg": {
        "intrinsics": {
            "fx": 5333.333333333333,
            "fy": 5333.333333333333,
            "cx": 1920.0,
            "cy": 1080.0,
            "k1": 0,
            "k2": 0,
            "p1": 0,
            "p2": 0,
            "k3": 0,
            "k4": 0,
            "k5": 0,
            "k6": 0
        },
        "extrinsics": {
            "location": [
                -0.0017342567443847656,
                0.4298368990421295,
                0.2609589993953705
            ],
            "rotation": [
                1.097197413444519,
                0.027668219059705734,
                -3.141592502593994
            ]
        }
    },